time_s,engine_temp_c,total_voltage_ema,total_voltage_kf,fault_probability
0.0,85.1,49.406,49.406,2.0035647423896595e-05
0.001,85.1,49.403099999999995,49.38234233204958,2.0035647423896595e-05
0.002,85.0,49.40584499999999,49.40501451801692,2.0035647423896595e-05
0.003,85.0,49.41375274999999,49.443526962478515,2.0035647423896595e-05
0.004,85.0,49.425565112499996,49.48642478071156,2.0035647423896595e-05
0.005,85.0,49.42858685687499,49.48634725115224,2.0035647423896595e-05
0.006,85.1,49.41575751403124,49.43275569147688,2.0035647423896595e-05
0.007,85.2,49.40291963832968,49.38894913579128,2.0035647423896595e-05
0.008,85.0,49.40522365641319,49.398109038796946,2.0035647423896595e-05
0.009,85.0,49.40996247359253,49.413104186664725,2.0035647423896595e-05
0.01,85.1,49.4073143499129,49.40506639269662,2.0035647423896595e-05
0.011,85.0,49.41239863241726,49.419652773047765,2.0035647423896595e-05
0.012,85.0,49.41152870079639,49.416245093454876,2.0035647423896595e-05
0.013,84.8,49.418952265756566,49.43588380637616,2.0035647423896595e-05
0.014,84.9,49.413604652468734,49.419107295525265,2.0035647423896595e-05
0.015,85.0,49.4221744198453,49.44142570559827,2.0035647423896595e-05
0.016,85.0,49.43051569885303,49.461183028516544,2.0035647423896595e-05
0.017,85.0,49.42918991391037,49.45355914073248,2.0035647423896595e-05
0.018,85.1,49.43123041821485,49.455747916759755,2.0035647423896595e-05
0.019,85.0,49.43251889730411,49.455916440329766,2.0035647423896595e-05
0.02,85.0,49.4324429524389,49.452617208124884,2.0035647423896595e-05
0.021,85.0,49.42112080481695,49.41997985290917,2.0035647423896595e-05
0.022,85.0,49.4192147645761,49.41508909815669,2.0035647423896595e-05
0.023,84.8,49.419604026347294,49.416661643723195,2.0035647423896595e-05
0.024,85.1,49.414073825029924,49.402441090934275,2.0035647423896595e-05
0.025,85.1,49.41402013377842,49.403832528315036,2.0035647423896595e-05
0.026,85.0,49.394969127089496,49.35488489687544,2.0035647423896595e-05
0.027,84.9,49.40302067073502,49.38141662715283,2.0035647423896595e-05
0.028,85.1,49.41216963719827,49.408404508477574,2.0035647423896595e-05
0.029,85.1,49.415461155338356,49.41758392106597,2.0035647423896595e-05
0.03,85.0,49.42913809757144,49.45338621960444,2.0035647423896595e-05
0.031,84.9,49.423131192692864,49.43434380891683,2.0035647423896595e-05
0.032,85.0,49.42597463305822,49.44036659400317,2.0035647423896595e-05
0.033,85.1,49.4253259014053,49.43675851730424,2.0035647423896595e-05
0.034,84.9,49.423009606335036,49.42914168262748,2.0035647423896595e-05
0.035,85.1,49.423609126018285,49.42991454668464,2.0035647423896595e-05
0.036,129.7,49.42142866971737,49.423331675986006,0.9433962264150942
